{"v":"4.5.9","fr":29.9700012207031,"ip":0,"op":150.000006109625,"w":800,"h":600,"ddd":0,"assets":[],"layers":[{"ddd":0,"ind":0,"ty":4,"nm":"Heart Drain","td":1,"ks":{"o":{"a":0,"k":100},"r":{"a":0,"k":0},"p":{"a":1,"k":[{"i":{"x":0,"y":1},"o":{"x":0.167,"y":0.167},"n":"0_1_0p167_0p167","t":140,"s":[400,300,0],"e":[400,440,0],"to":[0,23.3333339691162,0],"ti":[0,-23.3333339691162,0]},{"t":155.000006313279}]},"a":{"a":0,"k":[0,0,0]},"s":{"a":0,"k":[100,100,100]}},"ao":0,"shapes":[{"ty":"gr","it":[{"ty":"rc","d":1,"s":{"a":0,"k":[162.414,162.414]},"p":{"a":0,"k":[0,0]},"r":{"a":0,"k":0},"nm":"Rectangle Path 1","mn":"ADBE Vector Shape - Rect"},{"ty":"st","c":{"a":0,"k":[1,1,1,1]},"o":{"a":0,"k":100},"w":{"a":0,"k":1},"lc":1,"lj":1,"ml":4,"nm":"Stroke 1","mn":"ADBE Vector Graphic - Stroke"},{"ty":"fl","c":{"a":0,"k":[1,0,0,1]},"o":{"a":0,"k":100},"r":1,"nm":"Fill 1","mn":"ADBE Vector Graphic - Fill"},{"ty":"tr","p":{"a":0,"k":[-2.793,-0.793],"ix":2},"a":{"a":0,"k":[0,0],"ix":1},"s":{"a":0,"k":[100,100],"ix":3},"r":{"a":0,"k":0,"ix":6},"o":{"a":0,"k":100,"ix":7},"sk":{"a":0,"k":0,"ix":4},"sa":{"a":0,"k":0,"ix":5},"nm":"Transform"}],"nm":"Rectangle 1","np":3,"mn":"ADBE Vector Group"}],"ip":0,"op":360.000014663101,"st":0,"bm":0,"sr":1},{"ddd":0,"ind":1,"ty":4,"nm":"Heart Fill","tt":1,"ks":{"o":{"a":0,"k":100},"r":{"a":0,"k":0},"p":{"a":0,"k":[400,300,0]},"a":{"a":0,"k":[0,0,0]},"s":{"a":1,"k":[{"i":{"x":[0.667,0.667,0.667],"y":[1,1,0.667]},"o":{"x":[0.167,0.167,0.167],"y":[0.167,0.167,0.167]},"n":["0p667_1_0p167_0p167","0p667_1_0p167_0p167","0p667_0p667_0p167_0p167"],"t":60,"s":[0,0,100],"e":[130,130,100]},{"i":{"x":[0.667,0.667,0.667],"y":[1,1,0.667]},"o":{"x":[0.333,0.333,0.333],"y":[0,0,0.333]},"n":["0p667_1_0p333_0","0p667_1_0p333_0","0p667_0p667_0p333_0p333"],"t":65,"s":[130,130,100],"e":[100,100,100]},{"t":68.0000027696968}]}},"ao":0,"shapes":[{"ty":"gr","it":[{"ind":0,"ty":"sh","ks":{"a":0,"k":{"i":[[0,0],[0,0],[6.62,7.906],[0,10.72],[-20.17,0],[-6.045,-4.133],[-7.418,0],[0,-20.17],[7.526,-9.56],[3.665,-2.823]],"o":[[0,0],[-3.635,-2.829],[-7.524,-8.986],[0,-20.17],[7.418,0],[6.044,-4.134],[20.17,0],[0,10.202],[-6.53,8.295],[0,0]],"v":[[-0.04,52.248],[-3.706,49.393],[-46.02,13.617],[-57.202,-15.668],[-20.623,-52.248],[0,-45.881],[20.623,-52.248],[57.202,-15.668],[46.169,13.296],[3.641,49.413]],"c":true}},"nm":"Path 1","mn":"ADBE Vector Shape - Group"},{"ty":"fl","c":{"a":0,"k":[0.106,0.106,0.106,1]},"o":{"a":0,"k":100},"r":1,"nm":"Fill 1","mn":"ADBE Vector Graphic - Fill"},{"ty":"tr","p":{"a":0,"k":[0,0],"ix":2},"a":{"a":0,"k":[0,0],"ix":1},"s":{"a":0,"k":[100,100],"ix":3},"r":{"a":0,"k":0,"ix":6},"o":{"a":0,"k":100,"ix":7},"sk":{"a":0,"k":0,"ix":4},"sa":{"a":0,"k":0,"ix":5},"nm":"Transform"}],"nm":"Shape 1","np":3,"mn":"ADBE Vector Group"}],"ip":0,"op":360.000014663101,"st":0,"bm":0,"sr":1},{"ddd":0,"ind":2,"ty":4,"nm":"Heart Stroke","ks":{"o":{"a":1,"k":[{"i":{"x":[0.833],"y":[0.833]},"o":{"x":[0.167],"y":[0.167]},"n":["0p833_0p833_0p167_0p167"],"t":65,"s":[100],"e":[0]},{"i":{"x":[0.833],"y":[0.833]},"o":{"x":[0.167],"y":[0.167]},"n":["0p833_0p833_0p167_0p167"],"t":66,"s":[0],"e":[0]},{"i":{"x":[0.833],"y":[0.833]},"o":{"x":[0.167],"y":[0.167]},"n":["0p833_0p833_0p167_0p167"],"t":139,"s":[0],"e":[100]},{"t":140.000005702317}]},"r":{"a":0,"k":0},"p":{"a":0,"k":[400,300,0]},"a":{"a":0,"k":[0,0,0]},"s":{"a":0,"k":[100,100,100]}},"ao":0,"shapes":[{"ty":"gr","it":[{"ind":0,"ty":"sh","ks":{"a":0,"k":{"i":[[16.888,0],[5.438,-4.97],[7.947,0],[0,-16.888],[-6.4,-7.645],[0,0],[-6.258,7.948],[0,9.789]],"o":[[-7.947,0],[-5.438,-4.97],[-16.888,0],[0,9.73],[6.4,7.645],[0,0],[6.017,-7.642],[0,-16.888]],"v":[[20.623,-45.453],[0,-37.45],[-20.623,-45.453],[-51.201,-14.875],[-41.42,10.56],[-0.02,45.453],[41.455,10.379],[51.201,-14.875]],"c":true}},"nm":"Path 1","mn":"ADBE Vector Shape - Group"},{"ty":"st","c":{"a":0,"k":[0.106,0.106,0.106,1]},"o":{"a":0,"k":100},"w":{"a":0,"k":12},"lc":1,"lj":1,"ml":4,"nm":"Stroke 1","mn":"ADBE Vector Graphic - Stroke"},{"ty":"tr","p":{"a":0,"k":[0,0],"ix":2},"a":{"a":0,"k":[0,0],"ix":1},"s":{"a":0,"k":[100,100],"ix":3},"r":{"a":0,"k":0,"ix":6},"o":{"a":0,"k":100,"ix":7},"sk":{"a":0,"k":0,"ix":4},"sa":{"a":0,"k":0,"ix":5},"nm":"Transform"}],"nm":"Shape 1","np":3,"mn":"ADBE Vector Group"}],"ip":0,"op":360.000014663101,"st":0,"bm":0,"sr":1},{"ddd":0,"ind":3,"ty":4,"nm":"Heart Small 1","ks":{"o":{"a":1,"k":[{"i":{"x":[0.833],"y":[0.833]},"o":{"x":[0.167],"y":[0.167]},"n":["0p833_0p833_0p167_0p167"],"t":59,"s":[0],"e":[25]},{"t":62.0000025253118}]},"r":{"a":0,"k":0},"p":{"a":1,"k":[{"i":{"x":0.667,"y":1},"o":{"x":0.167,"y":0.167},"n":"0p667_1_0p167_0p167","t":60,"s":[398.542,295.729,0],"e":[358.542,423.729,0],"to":[-6.66666650772095,21.3333339691162,0],"ti":[24.1570892333984,-2.79713654518127,0]},{"i":{"x":0.667,"y":1},"o":{"x":0.333,"y":0},"n":"0p667_1_0p333_0","t":75,"s":[358.542,423.729,0],"e":[320.542,326.729,0],"to":[-15.8333330154419,1.83333337306976,0],"ti":[-2,62,0]},{"t":100.000004073084}]},"a":{"a":0,"k":[0,0,0]},"s":{"a":1,"k":[{"i":{"x":[0.667,0.667,0.667],"y":[1,1,0.667]},"o":{"x":[0.167,0.167,0.167],"y":[0.167,0.167,0.167]},"n":["0p667_1_0p167_0p167","0p667_1_0p167_0p167","0p667_0p667_0p167_0p167"],"t":60,"s":[100,100,100],"e":[125,125,100]},{"i":{"x":[0.667,0.667,0.667],"y":[1,1,0.667]},"o":{"x":[0.333,0.333,0.333],"y":[0,0,0.333]},"n":["0p667_1_0p333_0","0p667_1_0p333_0","0p667_0p667_0p333_0p333"],"t":75,"s":[125,125,100],"e":[0,0,100]},{"t":100.000004073084}]}},"ao":0,"shapes":[{"ty":"gr","it":[{"ind":0,"ty":"sh","ks":{"a":0,"k":{"i":[[3.724,0],[1.199,-1.096],[1.752,0],[0,-3.724],[-1.411,-1.686],[0,0],[-1.38,1.752],[0,2.158]],"o":[[-1.752,0],[-1.199,-1.096],[-3.724,0],[0,2.145],[1.411,1.686],[0,0],[1.327,-1.685],[0,-3.724]],"v":[[4.547,-10.022],[0,-8.257],[-4.547,-10.022],[-11.289,-3.28],[-9.132,2.328],[-0.004,10.022],[9.14,2.288],[11.289,-3.28]],"c":true}},"nm":"Path 1","mn":"ADBE Vector Shape - Group"},{"ty":"fl","c":{"a":0,"k":[0.106,0.106,0.106,1]},"o":{"a":0,"k":100},"r":1,"nm":"Fill 1","mn":"ADBE Vector Graphic - Fill"},{"ty":"tr","p":{"a":0,"k":[0,0],"ix":2},"a":{"a":0,"k":[0,0],"ix":1},"s":{"a":0,"k":[100,100],"ix":3},"r":{"a":0,"k":0,"ix":6},"o":{"a":0,"k":100,"ix":7},"sk":{"a":0,"k":0,"ix":4},"sa":{"a":0,"k":0,"ix":5},"nm":"Transform"}],"nm":"Shape 1","np":3,"mn":"ADBE Vector Group"}],"ip":0,"op":360.000014663101,"st":0,"bm":0,"sr":1},{"ddd":0,"ind":4,"ty":4,"nm":"Heart Small 2","ks":{"o":{"a":1,"k":[{"i":{"x":[0.833],"y":[0.833]},"o":{"x":[0.167],"y":[0.167]},"n":["0p833_0p833_0p167_0p167"],"t":59,"s":[0],"e":[25]},{"t":62.0000025253118}]},"r":{"a":0,"k":0},"p":{"a":1,"k":[{"i":{"x":0.667,"y":1},"o":{"x":0.167,"y":0.167},"n":"0p667_1_0p167_0p167","t":60,"s":[398.542,295.729,0],"e":[370.542,210.729,0],"to":[-4.66666650772095,-14.1666669845581,0],"ti":[6.87233877182007,23.3272342681885,0]},{"i":{"x":0.667,"y":1},"o":{"x":0.333,"y":0},"n":"0p667_1_0p333_0","t":75,"s":[370.542,210.729,0],"e":[387.542,71.729,0],"to":[-11.8333330154419,-40.1666679382324,0],"ti":[-22,49,0]},{"t":110.000004480392}]},"a":{"a":0,"k":[0,0,0]},"s":{"a":1,"k":[{"i":{"x":[0.667,0.667,0.667],"y":[1,1,0.667]},"o":{"x":[0.167,0.167,0.167],"y":[0.167,0.167,0.167]},"n":["0p667_1_0p167_0p167","0p667_1_0p167_0p167","0p667_0p667_0p167_0p167"],"t":60,"s":[100,100,100],"e":[125,125,100]},{"i":{"x":[0.667,0.667,0.667],"y":[1,1,0.667]},"o":{"x":[0.333,0.333,0.333],"y":[0,0,0.333]},"n":["0p667_1_0p333_0","0p667_1_0p333_0","0p667_0p667_0p333_0p333"],"t":75,"s":[125,125,100],"e":[0,0,100]},{"t":110.000004480392}]}},"ao":0,"shapes":[{"ty":"gr","it":[{"ind":0,"ty":"sh","ks":{"a":0,"k":{"i":[[3.724,0],[1.199,-1.096],[1.752,0],[0,-3.724],[-1.411,-1.686],[0,0],[-1.38,1.752],[0,2.158]],"o":[[-1.752,0],[-1.199,-1.096],[-3.724,0],[0,2.145],[1.411,1.686],[0,0],[1.327,-1.685],[0,-3.724]],"v":[[4.547,-10.022],[0,-8.257],[-4.547,-10.022],[-11.289,-3.28],[-9.132,2.328],[-0.004,10.022],[9.14,2.288],[11.289,-3.28]],"c":true}},"nm":"Path 1","mn":"ADBE Vector Shape - Group"},{"ty":"fl","c":{"a":0,"k":[0.106,0.106,0.106,1]},"o":{"a":0,"k":100},"r":1,"nm":"Fill 1","mn":"ADBE Vector Graphic - Fill"},{"ty":"tr","p":{"a":0,"k":[0,0],"ix":2},"a":{"a":0,"k":[0,0],"ix":1},"s":{"a":0,"k":[100,100],"ix":3},"r":{"a":0,"k":0,"ix":6},"o":{"a":0,"k":100,"ix":7},"sk":{"a":0,"k":0,"ix":4},"sa":{"a":0,"k":0,"ix":5},"nm":"Transform"}],"nm":"Shape 1","np":3,"mn":"ADBE Vector Group"}],"ip":0,"op":360.000014663101,"st":0,"bm":0,"sr":1},{"ddd":0,"ind":5,"ty":4,"nm":"Heart Small 3","ks":{"o":{"a":1,"k":[{"i":{"x":[0.833],"y":[0.833]},"o":{"x":[0.167],"y":[0.167]},"n":["0p833_0p833_0p167_0p167"],"t":59,"s":[0],"e":[25]},{"t":62.0000025253118}]},"r":{"a":0,"k":0},"p":{"a":1,"k":[{"i":{"x":0.667,"y":1},"o":{"x":0.167,"y":0.167},"n":"0p667_1_0p167_0p167","t":60,"s":[398.542,295.729,0],"e":[447.542,408.729,0],"to":[8.16666698455811,18.8333339691162,0],"ti":[-45.5912780761719,-23.5612945556641,0]},{"i":{"x":0.667,"y":1},"o":{"x":0.333,"y":0},"n":"0p667_1_0p333_0","t":75,"s":[447.542,408.729,0],"e":[536.542,311.729,0],"to":[31.0719394683838,16.057788848877,0],"ti":[-2,79,0]},{"t":110.000004480392}]},"a":{"a":0,"k":[0,0,0]},"s":{"a":1,"k":[{"i":{"x":[0.667,0.667,0.667],"y":[1,1,0.667]},"o":{"x":[0.167,0.167,0.167],"y":[0.167,0.167,0.167]},"n":["0p667_1_0p167_0p167","0p667_1_0p167_0p167","0p667_0p667_0p167_0p167"],"t":60,"s":[100,100,100],"e":[125,125,100]},{"i":{"x":[0.667,0.667,0.667],"y":[1,1,0.667]},"o":{"x":[0.333,0.333,0.333],"y":[0,0,0.333]},"n":["0p667_1_0p333_0","0p667_1_0p333_0","0p667_0p667_0p333_0p333"],"t":75,"s":[125,125,100],"e":[0,0,100]},{"t":110.000004480392}]}},"ao":0,"shapes":[{"ty":"gr","it":[{"ind":0,"ty":"sh","ks":{"a":0,"k":{"i":[[3.724,0],[1.199,-1.096],[1.752,0],[0,-3.724],[-1.411,-1.686],[0,0],[-1.38,1.752],[0,2.158]],"o":[[-1.752,0],[-1.199,-1.096],[-3.724,0],[0,2.145],[1.411,1.686],[0,0],[1.327,-1.685],[0,-3.724]],"v":[[4.547,-10.022],[0,-8.257],[-4.547,-10.022],[-11.289,-3.28],[-9.132,2.328],[-0.004,10.022],[9.14,2.288],[11.289,-3.28]],"c":true}},"nm":"Path 1","mn":"ADBE Vector Shape - Group"},{"ty":"fl","c":{"a":0,"k":[0.106,0.106,0.106,1]},"o":{"a":0,"k":100},"r":1,"nm":"Fill 1","mn":"ADBE Vector Graphic - Fill"},{"ty":"tr","p":{"a":0,"k":[0,0],"ix":2},"a":{"a":0,"k":[0,0],"ix":1},"s":{"a":0,"k":[100,100],"ix":3},"r":{"a":0,"k":0,"ix":6},"o":{"a":0,"k":100,"ix":7},"sk":{"a":0,"k":0,"ix":4},"sa":{"a":0,"k":0,"ix":5},"nm":"Transform"}],"nm":"Shape 1","np":3,"mn":"ADBE Vector Group"}],"ip":0,"op":360.000014663101,"st":0,"bm":0,"sr":1},{"ddd":0,"ind":6,"ty":4,"nm":"Heart Small 4","ks":{"o":{"a":1,"k":[{"i":{"x":[0.833],"y":[0.833]},"o":{"x":[0.167],"y":[0.167]},"n":["0p833_0p833_0p167_0p167"],"t":59,"s":[0],"e":[25]},{"t":62.0000025253118}]},"r":{"a":0,"k":0},"p":{"a":1,"k":[{"i":{"x":0.667,"y":1},"o":{"x":0.167,"y":0.167},"n":"0p667_1_0p167_0p167","t":60,"s":[398.542,295.729,0],"e":[307.542,283.729,0],"to":[-15.1666669845581,-2,0],"ti":[18.1871356964111,16.1436367034912,0]},{"i":{"x":0.667,"y":1},"o":{"x":0.333,"y":0},"n":"0p667_1_0p333_0","t":75,"s":[307.542,283.729,0],"e":[304.542,130.729,0],"to":[-14.8333330154419,-13.1666669845581,0],"ti":[-43,86,0]},{"t":100.000004073084}]},"a":{"a":0,"k":[0,0,0]},"s":{"a":1,"k":[{"i":{"x":[0.667,0.667,0.667],"y":[1,1,0.667]},"o":{"x":[0.167,0.167,0.167],"y":[0.167,0.167,0.167]},"n":["0p667_1_0p167_0p167","0p667_1_0p167_0p167","0p667_0p667_0p167_0p167"],"t":60,"s":[100,100,100],"e":[125,125,100]},{"i":{"x":[0.667,0.667,0.667],"y":[1,1,0.667]},"o":{"x":[0.333,0.333,0.333],"y":[0,0,0.333]},"n":["0p667_1_0p333_0","0p667_1_0p333_0","0p667_0p667_0p333_0p333"],"t":75,"s":[125,125,100],"e":[0,0,100]},{"t":100.000004073084}]}},"ao":0,"shapes":[{"ty":"gr","it":[{"ind":0,"ty":"sh","ks":{"a":0,"k":{"i":[[3.724,0],[1.199,-1.096],[1.752,0],[0,-3.724],[-1.411,-1.686],[0,0],[-1.38,1.752],[0,2.158]],"o":[[-1.752,0],[-1.199,-1.096],[-3.724,0],[0,2.145],[1.411,1.686],[0,0],[1.327,-1.685],[0,-3.724]],"v":[[4.547,-10.022],[0,-8.257],[-4.547,-10.022],[-11.289,-3.28],[-9.132,2.328],[-0.004,10.022],[9.14,2.288],[11.289,-3.28]],"c":true}},"nm":"Path 1","mn":"ADBE Vector Shape - Group"},{"ty":"fl","c":{"a":0,"k":[0.106,0.106,0.106,1]},"o":{"a":0,"k":100},"r":1,"nm":"Fill 1","mn":"ADBE Vector Graphic - Fill"},{"ty":"tr","p":{"a":0,"k":[0,0],"ix":2},"a":{"a":0,"k":[0,0],"ix":1},"s":{"a":0,"k":[100,100],"ix":3},"r":{"a":0,"k":0,"ix":6},"o":{"a":0,"k":100,"ix":7},"sk":{"a":0,"k":0,"ix":4},"sa":{"a":0,"k":0,"ix":5},"nm":"Transform"}],"nm":"Shape 1","np":3,"mn":"ADBE Vector Group"}],"ip":0,"op":360.000014663101,"st":0,"bm":0,"sr":1},{"ddd":0,"ind":7,"ty":4,"nm":"Heart Small 5","ks":{"o":{"a":1,"k":[{"i":{"x":[0.833],"y":[0.833]},"o":{"x":[0.167],"y":[0.167]},"n":["0p833_0p833_0p167_0p167"],"t":59,"s":[0],"e":[25]},{"t":62.0000025253118}]},"r":{"a":0,"k":0},"p":{"a":1,"k":[{"i":{"x":0.667,"y":1},"o":{"x":0.167,"y":0.167},"n":"0p667_1_0p167_0p167","t":60,"s":[398.542,295.729,0],"e":[478.542,227.729,0],"to":[13.3333330154419,-11.3333330154419,0],"ti":[-8.62465476989746,22.7377262115479,0]},{"i":{"x":0.667,"y":1},"o":{"x":0.333,"y":0},"n":"0p667_1_0p333_0","t":75,"s":[478.542,227.729,0],"e":[475.542,111.729,0],"to":[9.16666698455811,-24.1666660308838,0],"ti":[18,38,0]},{"t":95.0000038694293}]},"a":{"a":0,"k":[0,0,0]},"s":{"a":1,"k":[{"i":{"x":[0.667,0.667,0.667],"y":[1,1,0.667]},"o":{"x":[0.167,0.167,0.167],"y":[0.167,0.167,0.167]},"n":["0p667_1_0p167_0p167","0p667_1_0p167_0p167","0p667_0p667_0p167_0p167"],"t":60,"s":[100,100,100],"e":[125,125,100]},{"i":{"x":[0.667,0.667,0.667],"y":[1,1,0.667]},"o":{"x":[0.333,0.333,0.333],"y":[0,0,0.333]},"n":["0p667_1_0p333_0","0p667_1_0p333_0","0p667_0p667_0p333_0p333"],"t":75,"s":[125,125,100],"e":[0,0,100]},{"t":95.0000038694293}]}},"ao":0,"shapes":[{"ty":"gr","it":[{"ind":0,"ty":"sh","ks":{"a":0,"k":{"i":[[3.724,0],[1.199,-1.096],[1.752,0],[0,-3.724],[-1.411,-1.686],[0,0],[-1.38,1.752],[0,2.158]],"o":[[-1.752,0],[-1.199,-1.096],[-3.724,0],[0,2.145],[1.411,1.686],[0,0],[1.327,-1.685],[0,-3.724]],"v":[[4.547,-10.022],[0,-8.257],[-4.547,-10.022],[-11.289,-3.28],[-9.132,2.328],[-0.004,10.022],[9.14,2.288],[11.289,-3.28]],"c":true}},"nm":"Path 1","mn":"ADBE Vector Shape - Group"},{"ty":"fl","c":{"a":0,"k":[0.106,0.106,0.106,1]},"o":{"a":0,"k":100},"r":1,"nm":"Fill 1","mn":"ADBE Vector Graphic - Fill"},{"ty":"tr","p":{"a":0,"k":[0,0],"ix":2},"a":{"a":0,"k":[0,0],"ix":1},"s":{"a":0,"k":[100,100],"ix":3},"r":{"a":0,"k":0,"ix":6},"o":{"a":0,"k":100,"ix":7},"sk":{"a":0,"k":0,"ix":4},"sa":{"a":0,"k":0,"ix":5},"nm":"Transform"}],"nm":"Shape 1","np":3,"mn":"ADBE Vector Group"}],"ip":0,"op":360.000014663101,"st":0,"bm":0,"sr":1},{"ddd":0,"ind":8,"ty":4,"nm":"Heart Small 6","ks":{"o":{"a":1,"k":[{"i":{"x":[0.833],"y":[0.833]},"o":{"x":[0.167],"y":[0.167]},"n":["0p833_0p833_0p167_0p167"],"t":59,"s":[0],"e":[25]},{"t":62.0000025253118}]},"r":{"a":0,"k":0},"p":{"a":1,"k":[{"i":{"x":0.667,"y":1},"o":{"x":0.167,"y":0.167},"n":"0p667_1_0p167_0p167","t":60,"s":[398.542,295.729,0],"e":[305.042,366.729,0],"to":[-14,25,0],"ti":[37.303150177002,1.86356377601624,0]},{"i":{"x":0.667,"y":1},"o":{"x":0.333,"y":0},"n":"0p667_1_0p333_0","t":75,"s":[305.042,366.729,0],"e":[258.542,224.729,0],"to":[-32.8131332397461,-1.63925468921661,0],"ti":[-6,79.5,0]},{"t":105.000004276738}]},"a":{"a":0,"k":[0,0,0]},"s":{"a":1,"k":[{"i":{"x":[0.667,0.667,0.667],"y":[1,1,0.667]},"o":{"x":[0.167,0.167,0.167],"y":[0.167,0.167,0.167]},"n":["0p667_1_0p167_0p167","0p667_1_0p167_0p167","0p667_0p667_0p167_0p167"],"t":60,"s":[100,100,100],"e":[125,125,100]},{"i":{"x":[0.667,0.667,0.667],"y":[1,1,0.667]},"o":{"x":[0.333,0.333,0.333],"y":[0,0,0.333]},"n":["0p667_1_0p333_0","0p667_1_0p333_0","0p667_0p667_0p333_0p333"],"t":75,"s":[125,125,100],"e":[0,0,100]},{"t":105.000004276738}]}},"ao":0,"shapes":[{"ty":"gr","it":[{"ind":0,"ty":"sh","ks":{"a":0,"k":{"i":[[3.724,0],[1.199,-1.096],[1.752,0],[0,-3.724],[-1.411,-1.686],[0,0],[-1.38,1.752],[0,2.158]],"o":[[-1.752,0],[-1.199,-1.096],[-3.724,0],[0,2.145],[1.411,1.686],[0,0],[1.327,-1.685],[0,-3.724]],"v":[[4.547,-10.022],[0,-8.257],[-4.547,-10.022],[-11.289,-3.28],[-9.132,2.328],[-0.004,10.022],[9.14,2.288],[11.289,-3.28]],"c":true}},"nm":"Path 1","mn":"ADBE Vector Shape - Group"},{"ty":"fl","c":{"a":0,"k":[0.106,0.106,0.106,1]},"o":{"a":0,"k":100},"r":1,"nm":"Fill 1","mn":"ADBE Vector Graphic - Fill"},{"ty":"tr","p":{"a":0,"k":[0,0],"ix":2},"a":{"a":0,"k":[0,0],"ix":1},"s":{"a":0,"k":[100,100],"ix":3},"r":{"a":0,"k":0,"ix":6},"o":{"a":0,"k":100,"ix":7},"sk":{"a":0,"k":0,"ix":4},"sa":{"a":0,"k":0,"ix":5},"nm":"Transform"}],"nm":"Shape 1","np":3,"mn":"ADBE Vector Group"}],"ip":0,"op":360.000014663101,"st":0,"bm":0,"sr":1},{"ddd":0,"ind":9,"ty":4,"nm":"Heart Small 7","ks":{"o":{"a":1,"k":[{"i":{"x":[0.833],"y":[0.833]},"o":{"x":[0.167],"y":[0.167]},"n":["0p833_0p833_0p167_0p167"],"t":59,"s":[0],"e":[25]},{"t":62.0000025253118}]},"r":{"a":0,"k":0},"p":{"a":1,"k":[{"i":{"x":0.667,"y":1},"o":{"x":0.167,"y":0.167},"n":"0p667_1_0p167_0p167","t":60,"s":[398.542,295.729,0],"e":[485.542,341.729,0],"to":[14.5,7.66666650772095,0],"ti":[-24.0508251190186,3.5981547832489,0]},{"i":{"x":0.667,"y":1},"o":{"x":0.333,"y":0},"n":"0p667_1_0p333_0","t":75,"s":[485.542,341.729,0],"e":[511.542,192.729,0],"to":[21.1666660308838,-3.16666674613953,0],"ti":[24,89,0]},{"t":100.000004073084}]},"a":{"a":0,"k":[0,0,0]},"s":{"a":1,"k":[{"i":{"x":[0.667,0.667,0.667],"y":[1,1,0.667]},"o":{"x":[0.167,0.167,0.167],"y":[0.167,0.167,0.167]},"n":["0p667_1_0p167_0p167","0p667_1_0p167_0p167","0p667_0p667_0p167_0p167"],"t":60,"s":[100,100,100],"e":[125,125,100]},{"i":{"x":[0.667,0.667,0.667],"y":[1,1,0.667]},"o":{"x":[0.333,0.333,0.333],"y":[0,0,0.333]},"n":["0p667_1_0p333_0","0p667_1_0p333_0","0p667_0p667_0p333_0p333"],"t":75,"s":[125,125,100],"e":[0,0,100]},{"t":100.000004073084}]}},"ao":0,"shapes":[{"ty":"gr","it":[{"ind":0,"ty":"sh","ks":{"a":0,"k":{"i":[[3.724,0],[1.199,-1.096],[1.752,0],[0,-3.724],[-1.411,-1.686],[0,0],[-1.38,1.752],[0,2.158]],"o":[[-1.752,0],[-1.199,-1.096],[-3.724,0],[0,2.145],[1.411,1.686],[0,0],[1.327,-1.685],[0,-3.724]],"v":[[4.547,-10.022],[0,-8.257],[-4.547,-10.022],[-11.289,-3.28],[-9.132,2.328],[-0.004,10.022],[9.14,2.288],[11.289,-3.28]],"c":true}},"nm":"Path 1","mn":"ADBE Vector Shape - Group"},{"ty":"fl","c":{"a":0,"k":[0.106,0.106,0.106,1]},"o":{"a":0,"k":100},"r":1,"nm":"Fill 1","mn":"ADBE Vector Graphic - Fill"},{"ty":"tr","p":{"a":0,"k":[0,0],"ix":2},"a":{"a":0,"k":[0,0],"ix":1},"s":{"a":0,"k":[100,100],"ix":3},"r":{"a":0,"k":0,"ix":6},"o":{"a":0,"k":100,"ix":7},"sk":{"a":0,"k":0,"ix":4},"sa":{"a":0,"k":0,"ix":5},"nm":"Transform"}],"nm":"Shape 1","np":3,"mn":"ADBE Vector Group"}],"ip":0,"op":360.000014663101,"st":0,"bm":0,"sr":1}]}